<?xml version="1.0" encoding="UTF-8"?>
<metadata>
  <groupId>com.dream</groupId>
  <artifactId>customtransformplugin</artifactId>
  <versioning>
    <latest>1.7.4</latest>
    <release>1.7.4</release>
    <versions>
      <version>1.0.0</version>
      <version>1.0.1</version>
      <version>1.0.2</version>
      <version>1.0.3</version>
      <version>1.0.4</version>
      <version>1.0.5</version>
      <version>1.0.6</version>
      <version>1.0.7</version>
      <version>1.0.8</version>
      <version>1.0.9</version>
      <version>1.1.0</version>
      <version>1.1.1</version>
      <version>1.1.2</version>
      <version>1.1.3</version>
      <version>1.1.4</version>
      <version>1.1.5</version>
      <version>1.1.6</version>
      <version>1.1.7</version>
      <version>1.1.8</version>
      <version>1.1.9</version>
      <version>1.2.0</version>
      <version>1.2.1</version>
      <version>1.2.2</version>
      <version>1.2.3</version>
      <version>1.2.4</version>
      <version>1.2.5</version>
      <version>1.2.6</version>
      <version>1.2.7</version>
      <version>1.2.8</version>
      <version>1.2.9</version>
      <version>1.3.0</version>
      <version>1.3.1</version>
      <version>1.3.2</version>
      <version>1.3.3</version>
      <version>1.3.4</version>
      <version>1.3.5</version>
      <version>1.3.6</version>
      <version>1.3.7</version>
      <version>1.3.8</version>
      <version>1.3.9</version>
      <version>1.4.1</version>
      <version>1.5.0</version>
      <version>1.5.1</version>
      <version>1.5.2</version>
      <version>1.5.6</version>
      <version>1.5.7</version>
      <version>1.5.9</version>
      <version>1.6.0</version>
      <version>1.6.1</version>
      <version>1.6.2</version>
      <version>1.6.3</version>
      <version>1.6.4</version>
      <version>1.6.5</version>
      <version>1.6.6</version>
      <version>1.6.7</version>
      <version>1.6.8</version>
      <version>1.6.9</version>
      <version>1.7.0</version>
      <version>1.7.1</version>
      <version>1.7.2</version>
      <version>1.7.3</version>
      <version>1.7.4</version>
    </versions>
    <lastUpdated>20241225141407</lastUpdated>
  </versioning>
</metadata>
